[
  {
    "id": 1,
    "firstName": "Alric",
    "lastName": "Truelock",
    "displayName": "Truelock Alric",
    "email": "atruelock0@skype.com",
    "gender": "Bigender",
    "avatar": "https://uifaces.co/our-content/donated/1H_7AxP0.jpg",
    "bgImage": "https://images.pexels.com/photos/4064835/pexels-photo-4064835.jpeg?auto=compress&cs=tinysrgb&w=500",
    "count": 40,
    "href": "/author",
    "desc": "There’s no stopping the tech giant. Apple now opens its 100th store in China.There’s no stopping the tech giant.",
    "jobName": "Author Job"
  },
  {
    "id": 2,
    "firstName": "Chariot",
    "lastName": "Birrell",
    "displayName": "Birrell Chariot",
    "email": "cbirrell1@google.com.hk",
    "gender": "Genderfluid",
    "avatar": "https://uifaces.co/our-content/donated/gPZwCbdS.jpg",
    "count": 113,
    "href": "/author",
    "desc": "There’s no stopping the tech giant. Apple now opens its 100th store in China.There’s no stopping the tech giant.",
    "jobName": "Author Job",
    "bgImage": "https://images.pexels.com/photos/5799379/pexels-photo-5799379.jpeg?auto=compress&cs=tinysrgb&dpr=1&w=500"
  },
  {
    "id": 3,
    "firstName": "Nathanil",
    "lastName": "Foulcher",
    "displayName": "Foulcher Nathanil",
    "email": "nfoulcher2@google.com.br",
    "gender": "Bigender",
    "avatar": "https://uifaces.co/our-content/donated/3799Ffxy.jpeg",
    "count": 43,
    "href": "/author",
    "desc": "There’s no stopping the tech giant. Apple now opens its 100th store in China.There’s no stopping the tech giant.",
    "jobName": "Author Job",
    "bgImage": "https://images.pexels.com/photos/1001990/pexels-photo-1001990.jpeg?auto=compress&cs=tinysrgb&dpr=1&w=500"
  },
  {
    "id": 4,
    "firstName": "Agnes",
    "lastName": "Falconar",
    "displayName": "Falconar Agnes",
    "email": "afalconar3@google.ru",
    "gender": "Non-binary",
    "avatar": "https://uifaces.co/our-content/donated/KtCFjlD4.jpg",
    "count": 36,
    "href": "/author",
    "desc": "There’s no stopping the tech giant. Apple now opens its 100th store in China.There’s no stopping the tech giant.",
    "jobName": "Author Job",
    "bgImage": "https://images.pexels.com/photos/2394446/pexels-photo-2394446.jpeg?auto=compress&cs=tinysrgb&dpr=1&w=500"
  },
  {
    "id": 5,
    "firstName": "Vita",
    "lastName": "Tousy",
    "displayName": "Tousy Vita",
    "email": "vtousy4@elpais.com",
    "gender": "Male",
    "avatar": "https://uifaces.co/our-content/donated/xZ4wg2Xj.jpg",
    "count": 38,
    "href": "/author",
    "desc": "There’s no stopping the tech giant. Apple now opens its 100th store in China.There’s no stopping the tech giant.",
    "jobName": "Author Job",
    "bgImage": "https://images.pexels.com/photos/3082150/pexels-photo-3082150.jpeg?auto=compress&cs=tinysrgb&dpr=1&w=500"
  },
  {
    "id": 6,
    "firstName": "Donna",
    "lastName": "Friar",
    "displayName": "Friar Donna",
    "email": "dfriar5@telegraph.co.uk",
    "gender": "Agender",
    "avatar": "https://uifaces.co/our-content/donated/bUkmHPKs.jpg",
    "count": 31,
    "href": "/author",
    "desc": "There’s no stopping the tech giant. Apple now opens its 100th store in China.There’s no stopping the tech giant.",
    "jobName": "Author Job",
    "bgImage": "https://images.pexels.com/photos/5333590/pexels-photo-5333590.jpeg?auto=compress&cs=tinysrgb&dpr=1&w=500"
  },
  {
    "id": 7,
    "firstName": "Sergei",
    "lastName": "Royal",
    "displayName": "Royal Sergei",
    "email": "sroyal6@netlog.com",
    "gender": "Non-binary",
    "avatar": "https://uifaces.co/our-content/donated/ukegoVAy.jpg",
    "count": 102,
    "href": "/author",
    "desc": "There’s no stopping the tech giant. Apple now opens its 100th store in China.There’s no stopping the tech giant.",
    "jobName": "Author Job",
    "bgImage": "https://images.pexels.com/photos/4492596/pexels-photo-4492596.jpeg?auto=compress&cs=tinysrgb&dpr=1&w=500"
  },
  {
    "id": 8,
    "firstName": "Claudetta",
    "lastName": "Sleite",
    "displayName": "Sleite Claudetta",
    "email": "csleite7@godaddy.com",
    "gender": "Genderqueer",
    "avatar": "https://uifaces.co/our-content/donated/NY9hnAbp.jpg",
    "count": 35,
    "href": "/author",
    "desc": "There’s no stopping the tech giant. Apple now opens its 100th store in China.There’s no stopping the tech giant.",
    "jobName": "Author Job",
    "bgImage": "https://images.pexels.com/photos/5083491/pexels-photo-5083491.jpeg?auto=compress&cs=tinysrgb&dpr=1&w=500"
  },
  {
    "id": 9,
    "firstName": "Vern",
    "lastName": "Pillifant",
    "displayName": "Pillifant Vern",
    "email": "vpillifant8@bravesites.com",
    "gender": "Male",
    "avatar": "https://uifaces.co/our-content/donated/DUhuoeI8.jpg",
    "count": 21,
    "href": "/author",
    "desc": "There’s no stopping the tech giant. Apple now opens its 100th store in China.There’s no stopping the tech giant.",
    "jobName": "Author Job",
    "bgImage": "https://images.pexels.com/photos/3965509/pexels-photo-3965509.jpeg?auto=compress&cs=tinysrgb&dpr=1&w=500"
  },
  {
    "id": 10,
    "firstName": "Mimi",
    "lastName": "Fones",
    "displayName": "Fones Mimi",
    "email": "mfones9@canalblog.com",
    "gender": "Agender",
    "avatar": "https://uifaces.co/our-content/donated/vIqzOHXj.jpg",
    "count": 111,
    "href": "/author",
    "desc": "There’s no stopping the tech giant. Apple now opens its 100th store in China.There’s no stopping the tech giant.",
    "jobName": "Author Job",
    "bgImage": "https://images.pexels.com/photos/5966631/pexels-photo-5966631.jpeg?auto=compress&cs=tinysrgb&dpr=1&w=500"
  }
]
